后端名称,执行时间均值(秒),执行时间标准差(秒),峰值内存占用(MB),加速比,正确性验证,量子比特数,电路深度,门数量,吞吐率(门/秒),JIT编译时间(秒),电路构建时间(秒)
numpy,7.812892,0.098072,6.01,N/A,Passed,18,138,820,104.95,N/A,0.4356
qibojit (numba),0.328845,0.015649,6.01,23.76x,Passed,18,138,820,2493.58,N/A,0.4437
qibotn (qutensornet),0.992529,0.044643,4.67,7.87x,Passed,18,138,820,826.17,N/A,0.5206
qiboml (jax),3.256329,0.035155,7.61,2.40x,Passed,18,138,820,251.82,N/A,0.3878
qiboml (pytorch),4.107703,2.873122,2018.96,1.90x,Passed,18,138,820,199.62,N/A,0.5725
qiboml (tensorflow),19.574423,0.082276,8.33,0.40x,Passed,18,138,820,41.89,N/A,0.7047
