后端名称,执行时间均值(秒),执行时间标准差(秒),峰值内存占用(MB),加速比,正确性验证,量子比特数,电路深度,门数量,吞吐率(门/秒)
numpy,7.900390,0.016615,6.01,N/A,Passed,18,138,820,103.79
qibojit (numba),0.398236,0.107401,6.01,19.84x,Passed,18,138,820,2059.08
qibotn (qutensornet),1.014657,0.088767,4.62,7.79x,Passed,18,138,820,808.16
qiboml (jax),3.267847,0.029734,4.70,2.42x,Passed,18,138,820,250.93
qiboml (pytorch),7.322055,6.127837,2019.30,1.08x,Passed,18,138,820,111.99
qiboml (tensorflow),20.384081,0.296137,8.09,0.39x,Passed,18,138,820,40.23
