后端名称,执行时间均值(秒),执行时间标准差(秒),峰值内存占用(MB),加速比,正确性验证,量子比特数,电路深度,门数量,吞吐率(门/秒),JIT编译时间(秒),电路构建时间(秒)
numpy,0.011250,0.000351,0.04,N/A,Passed,10,120,167,14844.67,N/A,0.1316
qibojit (numba),0.007380,0.002054,0.01,1.52x,Passed,10,120,167,22627.82,N/A,0.1323
qibotn (qutensornet),0.149656,0.030947,1.07,0.08x,Passed,10,120,167,1115.89,N/A,0.0687
qiboml (jax),0.117792,0.011959,0.03,0.10x,Passed,10,120,167,1417.76,N/A,0.0986
qiboml (pytorch),0.062832,0.019554,5.09,0.18x,Passed,10,120,167,2657.88,N/A,0.0809
qiboml (tensorflow),0.198051,0.012243,0.00,0.06x,Passed,10,120,167,843.22,N/A,0.0715
