num_qubits,qaoa_layers,best_energy,best_bitstring,best_probability,runtime_sec,memory_usage_mb,cpu_avg_percent,cpu_max_percent
4,1,-4,0101,0.26562978703776985,1.16,1.89,93.1,101.9
5,1,-4,01011,0.08789062387161387,0.99,0.1,95.4,133.0
6,1,-6,010101,0.14257661189612772,1.29,0.27,92.94,101.9
7,1,-6,0010101,0.04602087205802808,2.28,0.4,72.21,101.9
8,1,-8,01010101,0.0742854872302477,2.41,0.35,81.19,101.9
9,1,-8,010010101,0.023994052454802458,2.65,0.67,87.24,101.9
