num_qubits,qaoa_layers,best_energy,best_bitstring,best_probability,runtime_sec,memory_usage_mb,cpu_avg_percent,cpu_max_percent
4,1,-4,0101,0.2656230910406419,0.2,5.6,79.98,100.8
5,1,-4,01001,0.08789062398064974,0.25,1.29,74.92,100.8
6,1,-6,010101,0.14258798375518258,0.41,2.51,84.49,101.9
7,1,-6,0100101,0.04602012034510662,0.45,3.43,71.16,99.7
8,1,-8,01010101,0.07427535860867793,0.58,2.87,75.49,101.9
9,1,-8,001010101,0.02399479256227415,1.24,5.35,45.6,100.8
