num_qubits,qaoa_layers,best_energy,best_bitstring,best_probability,runtime_sec,memory_usage_mb,cpu_avg_percent,cpu_max_percent
4,1,-4,0101,0.265631898305066,0.99,88.75,95.38,133.0
5,1,-4,00101,0.08789062366100824,0.97,20.89,94.34,151.2
6,1,-6,010101,0.14258130609822883,1.07,22.13,87.54,126.0
7,1,-6,0101010,0.04602149082010247,1.33,26.21,93.97,166.2
8,1,-8,01010101,0.07428156874267887,1.33,26.53,112.84,166.2
9,1,-8,001010101,0.02399370364936423,1.55,29.71,101.72,176.4
