num_qubits,qaoa_layers,best_energy,best_bitstring,best_probability,runtime_sec,memory_usage_mb,cpu_avg_percent,cpu_max_percent
4,1,-4,0101,0.26562219273295495,0.84,15.01,89.22,100.8
5,1,-4,00101,0.08789062418314762,0.57,0.39,82.52,100.8
6,1,-6,101010,0.14257048113444873,1.12,0.26,66.96,100.8
7,1,-6,0101011,0.04602104820657825,1.04,0.39,85.95,100.8
8,1,-8,01010101,0.07427711411915922,1.45,0.32,80.88,100.8
9,1,-8,010010101,0.023994414235471453,1.61,0.02,65.77,100.8
