num_qubits,qaoa_layers,best_energy,best_bitstring,best_probability,runtime_sec,memory_usage_mb,cpu_avg_percent,cpu_max_percent
4,1,-4,0101,0.2656272734143326,0.08,0.18,49.85,99.7
5,1,-4,01001,0.08789062407641295,0.08,0.02,49.6,99.2
6,1,-6,010101,0.14257241907243637,0.09,0.02,49.85,99.7
7,1,-6,0100101,0.04602040656071568,0.1,0.02,49.6,99.2
8,1,-8,01010101,0.07427930921135772,0.14,0.09,47.37,75.6
9,1,-8,001010101,0.02399442654492887,0.18,0.02,56.6,101.9
