simulator,backend,circuit_name,n_qubits,wall_time_sec,wall_time_std,cpu_time_sec,cpu_time_std,peak_memory_mb,memory_std,cpu_utilization_percent,state_fidelity,fidelity_std,repeat,runner_id
qibo,qibojit,qft_4_qubits,4,0.008824279999680584,0.025443637882247846,0.0046875,0.01482317653203928,0.11994371414184571,0.37336234698314685,50.4,0.9999999999999986,1.1702778228589004e-16,10,qibo-qibojit
qibo,qibojit,qft_8_qubits,8,0.0027824999982840382,0.0006557685214464436,0.009375,0.01976423537605237,0.005611705780029297,0.00040622149039176226,0.0,0.9999999999999984,0.0,10,qibo-qibojit
qibo,qibojit,qft_12_qubits,12,0.00575080999842612,0.0014388750175691298,0.0140625,0.020104436526686233,0.06408576965332032,0.000502097788914321,0.0,0.9999999999999997,1.1702778228589004e-16,10,qibo-qibojit
qibo,qibojit,qft_16_qubits,16,0.013505429999349871,0.0014596307526089335,0.0421875,0.024484706819881578,1.001576042175293,0.00048241095764093217,312.5,0.9999999999999998,0.0,10,qibo-qibojit
qibo,qibojit,qft_18_qubits,18,0.02977891999980784,0.0022780643416083035,0.1171875,0.01983274246318726,4.001687335968017,0.0005796173193530895,352.8,0.9999999999999998,0.0,10,qibo-qibojit
qibo,qibojit,qft_20_qubits,20,0.16317928999924333,0.024975037945258193,0.5125,0.06153773119892471,16.001743888854982,0.00039929472903130664,380.6,0.9999999999999998,0.0,10,qibo-qibojit
qibo,qibojit,qft_22_qubits,22,0.708338699999149,0.046442817251562823,2.271875,0.1269808329805898,64.00167675018311,0.0005502563620300176,309.0,0.9999999999999998,0.0,10,qibo-qibojit
qibo,qibojit,qft_24_qubits,24,3.2174636800009466,0.1432288460362377,10.0890625,0.2648630820951543,256.00153932571413,0.00028372534841496493,317.4,0.9999999999999998,0.0,10,qibo-qibojit
qibo,qibojit,qft_26_qubits,26,15.00856960999954,0.661219094941762,45.0515625,1.3339852328877182,1024.0014762878418,0.0002644394412341855,329.3,0.9999999999999998,0.0,10,qibo-qibojit
