后端名称,执行时间均值(秒),执行时间标准差(秒),峰值内存占用(MB),加速比,正确性验证,量子比特数,电路深度,门数量,吞吐率(门/秒),JIT编译时间(秒),电路构建时间(秒)
numpy,7.775083,0.048156,6.01,N/A,Passed (no baseline),18,138,820,105.47,N/A,1.5169
qibojit (numba),0.562626,0.196216,6.01,13.82x,Passed (fidelity: 1.000000),18,138,820,1457.45,N/A,1.6089
qibotn (qutensornet),3.000576,0.113670,4.06,2.59x,Passed (fidelity: 1.000000),18,138,820,273.28,N/A,1.7490
qiboml (jax),3.430749,0.182819,10.97,2.27x,Passed (fidelity: 1.000000),18,138,820,239.01,N/A,1.1995
qiboml (pytorch),3.888873,1.342443,550.27,2.00x,Passed (fidelity: 1.000000),18,138,820,210.86,N/A,1.3464
qiboml (tensorflow),17.428989,0.990173,8.89,0.45x,Passed (fidelity: 1.000000),18,138,820,47.05,N/A,2.9400
qulacs,0.100619,0.005178,6.02,77.27x,Passed (fidelity: 1.000000),18,138,820,8149.52,N/A,1.1525
