simulator,backend,circuit_name,n_qubits,wall_time_sec,wall_time_std,cpu_time_sec,cpu_time_std,peak_memory_mb,memory_std,cpu_utilization_percent,state_fidelity,fidelity_std,repeat,runner_id
qibo,qibojit,qft_4_qubits,4,0.0008675999990373385,0.0003495350273519132,0.0015625,0.004941058844013093,0.0018266677856445313,0.0002215670033975072,97.7,0.9999999999999986,1.1702778228589004e-16,10,qibo-qibojit
qibo,qibojit,qft_8_qubits,8,0.002747639999142848,0.0006250587093300889,0.009375,0.01976423537605237,0.005430030822753906,0.0004063828466798398,0.0,0.9999999999999984,0.0,10,qibo-qibojit
