后端名称,执行时间均值(秒),执行时间标准差(秒),峰值内存占用(MB),加速比,正确性验证,量子比特数,电路深度,门数量,吞吐率(门/秒),JIT编译时间(秒),电路构建时间(秒)
numpy,8.046972,0.242536,6.01,N/A,Passed,18,138,820,101.90,N/A,0.4365
qibojit (numba),0.379839,0.078957,6.01,21.19x,Passed,18,138,820,2158.81,N/A,0.4287
qibotn (qutensornet),0.978206,0.036313,4.63,8.23x,Passed,18,138,820,838.27,N/A,0.4287
qiboml (jax),3.206403,0.045725,8.47,2.51x,Passed,18,138,820,255.74,N/A,0.3728
qiboml (pytorch),3.324277,1.071947,2019.30,2.42x,Passed,18,138,820,246.67,N/A,0.5783
qiboml (tensorflow),21.191647,1.419535,8.53,0.38x,Passed,18,138,820,38.69,N/A,0.6594
