后端名称,执行时间均值(秒),执行时间标准差(秒),峰值内存占用(MB),加速比,正确性验证,量子比特数,电路深度,门数量,吞吐率(门/秒),JIT编译时间(秒),电路构建时间(秒)
numpy,0.055560,0.001434,0.00,N/A,Passed (no baseline),6,1619,2125,38246.93,N/A,0.9242
qibojit (numba),0.058391,0.017027,0.00,0.95x,Passed (fidelity: 1.000000),6,1619,2125,36392.71,N/A,0.9397
qibotn (qutensornet),1.920662,0.104753,3.24,0.03x,Passed (fidelity: 1.000000),6,1619,2125,1106.39,N/A,0.9658
qiboml (jax),0.959382,0.035464,0.06,0.06x,Passed (fidelity: 1.000000),6,1619,2125,2214.97,N/A,0.9697
qiboml (pytorch),0.396433,0.015818,36.11,0.14x,Passed (fidelity: 1.000000),6,1619,2125,5360.31,N/A,0.7993
qiboml (tensorflow),1.667344,0.140615,0.00,0.03x,Passed (fidelity: 1.000000),6,1619,2125,1274.48,N/A,1.0679
