后端名称,执行时间均值(秒),执行时间标准差(秒),峰值内存占用(MB),加速比,正确性验证,量子比特数,电路深度,门数量,吞吐率(门/秒),JIT编译时间(秒),电路构建时间(秒)
numpy,0.012692,0.001071,0.00,N/A,Passed (no baseline),10,120,167,13157.77,N/A,0.1425
qibojit (numba),0.002992,0.000631,0.00,4.24x,Passed (fidelity: 1.000000),10,120,167,55813.54,N/A,0.0714
qibotn (qutensornet),0.119177,0.006314,0.31,0.11x,Passed (fidelity: 1.000000),10,120,167,1401.28,N/A,0.2384
qiboml (jax),0.092462,0.002448,0.03,0.14x,Passed (fidelity: 1.000000),10,120,167,1806.15,N/A,0.0674
qiboml (pytorch),0.045698,0.002309,5.10,0.28x,Passed (fidelity: 1.000000),10,120,167,3654.43,N/A,0.0694
qiboml (tensorflow),0.149260,0.002952,0.01,0.09x,Passed (fidelity: 1.000000),10,120,167,1118.85,N/A,0.0765
qulacs,0.001407,0.000491,0.00,9.02x,Passed (fidelity: 1.000000),10,120,167,118667.84,N/A,0.0688
