后端名称,执行时间均值(秒),执行时间标准差(秒),峰值内存占用(MB),加速比,正确性验证,量子比特数,电路深度,门数量,吞吐率(门/秒),JIT编译时间(秒),电路构建时间(秒)
numpy,2.537992,0.020123,4.00,N/A,Passed (no baseline),18,181,332,130.81,N/A,0.1260
qibojit (numba),0.084091,0.020959,4.00,30.18x,Passed (fidelity: 1.000000),18,181,332,3948.11,N/A,0.2900
qibotn (qutensornet),0.213158,0.006467,4.32,11.91x,Passed (fidelity: 1.000000),18,181,332,1557.53,N/A,0.1273
qiboml (jax),1.270067,0.057362,9.00,2.00x,Passed (fidelity: 1.000000),18,181,332,261.40,N/A,0.1274
qiboml (pytorch),0.873168,0.102145,658.97,2.91x,Passed (fidelity: 1.000000),18,181,332,380.22,N/A,0.1360
qiboml (tensorflow),7.778010,0.238621,4.05,0.33x,Passed (fidelity: 1.000000),18,181,332,42.68,N/A,0.3551
qulacs,0.072119,0.000920,4.00,35.19x,Passed (fidelity: 1.000000),18,181,332,4603.48,N/A,0.1460
