后端名称,执行时间均值(秒),执行时间标准差(秒),峰值内存占用(MB),加速比,正确性验证,量子比特数,电路深度,门数量,吞吐率(门/秒),JIT编译时间(秒),电路构建时间(秒)
numpy,4.721817,0.315717,1.50,N/A,Passed (no baseline),16,246,2833,599.98,N/A,1.1760
qibojit (numba),0.224114,0.022684,1.50,21.07x,Passed (fidelity: 1.000000),16,246,2833,12640.87,N/A,1.3045
qibotn (qutensornet),1.322902,0.147168,0.27,3.57x,Passed (fidelity: 1.000000),16,246,2833,2141.50,N/A,1.2349
qiboml (jax),3.078065,0.110209,2.93,1.53x,Passed (fidelity: 1.000000),16,246,2833,920.38,N/A,1.1950
qiboml (pytorch),3.274930,2.175995,1597.14,1.44x,Passed (fidelity: 1.000000),16,246,2833,865.06,N/A,1.2828
qiboml (tensorflow),14.980938,0.062052,2.25,0.32x,Passed (fidelity: 1.000000),16,246,2833,189.11,N/A,1.7457
qulacs,0.070811,0.005352,1.52,66.68x,Passed (fidelity: 1.000000),16,246,2833,40007.78,N/A,1.4272
