后端名称,执行时间均值(秒),执行时间标准差(秒),峰值内存占用(MB),加速比,正确性验证,量子比特数,电路深度,门数量,吞吐率(门/秒),JIT编译时间(秒),电路构建时间(秒)
numpy,4.441536,0.006221,1.50,N/A,Passed (no baseline),16,246,2833,637.84,N/A,1.2714
qibojit (numba),0.204556,0.015038,1.50,21.71x,Passed (fidelity: 1.000000),16,246,2833,13849.53,N/A,1.2108
qibotn (qutensornet),1.299426,0.123860,0.20,3.42x,Passed (fidelity: 1.000000),16,246,2833,2180.19,N/A,1.2351
qiboml (jax),2.795300,0.033867,3.82,1.59x,Passed (fidelity: 1.000000),16,246,2833,1013.49,N/A,1.1837
qiboml (pytorch),2.127855,0.110921,1597.33,2.09x,Passed (fidelity: 1.000000),16,246,2833,1331.39,N/A,1.2538
qiboml (tensorflow),17.710083,1.708752,2.25,0.25x,Passed (fidelity: 1.000000),16,246,2833,159.97,N/A,1.3242
