simulator,backend,circuit_name,n_qubits,wall_time_sec,wall_time_std,cpu_time_sec,cpu_time_std,peak_memory_mb,memory_std,cpu_utilization_percent,state_fidelity,fidelity_std,repeat,runner_id
qibo,qibojit,qft_2_qubits,2,0.008512030000565574,0.0257233046458129,0.00625,0.01976423537605237,0.11931381225585938,0.37333932542344306,80.1,0.9999999999999993,2.340555645717801e-16,10,qibo-qibojit
qibo,qibojit,qft_3_qubits,3,0.000600519999716198,0.00022555471825997517,0.0,0.0,0.0014494895935058595,7.731816454919744e-05,0.0,0.9999999999999993,2.340555645717801e-16,10,qibo-qibojit
qibo,qibojit,qft_4_qubits,4,0.0009048099993378856,0.0003906611696123639,0.0,0.0,0.001940441131591797,0.00014259055834286888,0.0,0.9999999999999986,1.1702778228589004e-16,10,qibo-qibojit
